{
  "shopId": 76184387769,
  "apiClientId": 313581633537,
  "payload": {
    "export": "cart-lines-discounts-generate-run",
    "input": {
      "cart": {
        "buyerIdentity": {
          "customer": {
            "id": "gid://shopify/Customer/8099345858745",
            "metafield": {
              "value": "3600"
            }
          }
        },
        "cost": {
          "subtotalAmount": {
            "amount": "1200.0"
          }
        },
        "lines": [
          {
            "id": "gid://shopify/CartLine/0",
            "merchandise": {
              "__typename": "ProductVariant",
              "id": "gid://shopify/ProductVariant/45917133734073",
              "product": {
                "id": "gid://shopify/Product/8362844881081"
              }
            }
          }
        ]
      },
      "discount": {
        "discountClasses": [
          "ORDER"
        ]
      },
      "shop": {
        "metafield": {
          "jsonValue": [
            "gid://shopify/Product/8362845110457",
            "gid://shopify/Product/8362845077689",
            "gid://shopify/Product/8362844979385"
          ],
          "type": "json"
        }
      }
    },
    "inputBytes": 485,
    "output": {
      "operations": []
    },
    "outputBytes": 13,
    "logs": [
      "staryyyy",
      "staryyyy"
    ],
    "functionId": "019bdb73-406e-7043-b666-a37a682a513c",
    "fuelConsumed": 264627,
    "target": "cart.lines.discounts.generate.run"
  },
  "logType": "function_run",
  "status": "success",
  "source": "vip-code-discount-function",
  "sourceNamespace": "extensions",
  "logTimestamp": "2026-01-24T12:17:22.450053Z",
  "localTime": "2026-01-24 17:47:22",
  "storeName": "perk-system.myshopify.com"
}