{
  "shopId": 76184387769,
  "apiClientId": 313581633537,
  "payload": {
    "export": "cart-lines-discounts-generate-run",
    "input": {
      "cart": {
        "attribute": {
          "key": "redeem_points",
          "value": "125"
        },
        "buyerIdentity": {
          "customer": {
            "id": "gid://shopify/Customer/8099345858745",
            "metafield": {
              "value": "3600",
              "type": "single_line_text_field"
            }
          }
        },
        "cost": {
          "subtotalAmount": {
            "amount": "1259.9",
            "currencyCode": "USD"
          }
        },
        "lines": [
          {
            "id": "gid://shopify/CartLine/0",
            "merchandise": {
              "__typename": "ProductVariant",
              "id": "gid://shopify/ProductVariant/45917134028985",
              "product": {
                "id": "gid://shopify/Product/8362844979385",
                "title": "The Multi-managed Snowboard"
              }
            }
          }
        ]
      },
      "shop": {
        "metafield": {
          "jsonValue": [
            "gid://shopify/Product/8362845110457",
            "gid://shopify/Product/8362845077689",
            "gid://shopify/Product/8362844979385"
          ],
          "type": "json"
        }
      },
      "discount": {
        "discountClasses": [
          "ORDER"
        ]
      }
    },
    "inputBytes": 603,
    "output": {
      "operations": [
        {
          "orderDiscountsAdd": {
            "selectionStrategy": "FIRST",
            "candidates": [
              {
                "message": "VIP perk: 125.00 off using 125 points",
                "targets": [
                  {
                    "orderSubtotal": {
                      "excludedCartLineIds": []
                    }
                  }
                ],
                "value": {
                  "fixedAmount": {
                    "amount": "125.00"
                  }
                }
              }
            ]
          }
        }
      ]
    },
    "outputBytes": 197,
    "logs": [
      "excludedProductIds gid://shopify/Product/8362844979385",
      "excludedProductIds ",
      "excludedCartLineIds "
    ],
    "functionId": "019bdb73-406e-7043-b666-a37a682a513c",
    "fuelConsumed": 433190,
    "target": "cart.lines.discounts.generate.run"
  },
  "logType": "function_run",
  "status": "success",
  "source": "vip-code-discount-function",
  "sourceNamespace": "extensions",
  "logTimestamp": "2026-01-23T11:25:22.619592Z",
  "localTime": "2026-01-23 16:55:22",
  "storeName": "perk-system.myshopify.com"
}