{
  "shopId": 76184387769,
  "apiClientId": 313581633537,
  "payload": {
    "export": "cart-lines-discounts-generate-run",
    "input": {
      "cart": {
        "attribute": {
          "key": "redeem_points",
          "value": "123"
        },
        "buyerIdentity": {
          "customer": {
            "id": "gid://shopify/Customer/8099345858745",
            "metafield": {
              "value": "3600",
              "type": "single_line_text_field"
            }
          }
        },
        "cost": {
          "subtotalAmount": {
            "amount": "1859.9",
            "currencyCode": "USD"
          }
        },
        "lines": [
          {
            "id": "gid://shopify/CartLine/0",
            "merchandise": {
              "__typename": "ProductVariant",
              "id": "gid://shopify/ProductVariant/45917134028985",
              "product": {
                "id": "gid://shopify/Product/8362844979385",
                "title": "The Multi-managed Snowboard"
              }
            }
          },
          {
            "id": "gid://shopify/CartLine/1",
            "merchandise": {
              "__typename": "ProductVariant",
              "id": "gid://shopify/ProductVariant/45917133734073",
              "product": {
                "id": "gid://shopify/Product/8362844881081",
                "title": "The Collection Snowboard: Hydrogen"
              }
            }
          }
        ]
      },
      "shop": {
        "metafield": {
          "jsonValue": [
            "gid://shopify/Product/8362845110457",
            "gid://shopify/Product/8362845077689",
            "gid://shopify/Product/8362844979385"
          ],
          "type": "json"
        }
      },
      "discount": {
        "discountClasses": [
          "ORDER"
        ]
      }
    },
    "inputBytes": 810,
    "output": {
      "operations": [
        {
          "orderDiscountsAdd": {
            "selectionStrategy": "FIRST",
            "candidates": [
              {
                "message": "VIP perk: 123.00 off using 123 points",
                "targets": [
                  {
                    "orderSubtotal": {
                      "excludedCartLineIds": [
                        "gid://shopify/CartLine/0"
                      ]
                    }
                  }
                ],
                "value": {
                  "fixedAmount": {
                    "amount": "123.00"
                  }
                }
              }
            ]
          }
        }
      ]
    },
    "outputBytes": 222,
    "logs": [
      "Discount Stary>>>>>",
      "order ORDER",
      "requestedPoints 123",
      "Discount Stary>>>>>",
      "requestedPoints 123",
      "confic gid://shopify/Product/8362845110457,gid://shopify/Product/8362845077689,gid://shopify/Product/8362844979385",
      "excludedCartLineIds gid://shopify/CartLine/0"
    ],
    "functionId": "019bdb73-406e-7043-b666-a37a682a513c",
    "fuelConsumed": 507094,
    "target": "cart.lines.discounts.generate.run"
  },
  "logType": "function_run",
  "status": "success",
  "source": "vip-code-discount-function",
  "sourceNamespace": "extensions",
  "logTimestamp": "2026-01-23T11:51:05.949494Z",
  "localTime": "2026-01-23 17:21:05",
  "storeName": "perk-system.myshopify.com"
}