{
  "shopId": 76184387769,
  "apiClientId": 313581633537,
  "payload": {
    "export": "cart-lines-discounts-generate-run",
    "input": {
      "cart": {
        "attribute": {
          "key": "redeem_points",
          "value": "123"
        },
        "buyerIdentity": {
          "customer": {
            "id": "gid://shopify/Customer/8099345858745",
            "metafield": {
              "value": "3600",
              "type": "single_line_text_field"
            }
          }
        },
        "cost": {
          "subtotalAmount": {
            "amount": "1200.0",
            "currencyCode": "USD"
          }
        },
        "lines": [
          {
            "id": "gid://shopify/CartLine/0",
            "cost": {
              "subtotalAmount": {
                "amount": "1200.0"
              }
            }
          }
        ]
      },
      "discount": {
        "discountClasses": [
          "ORDER"
        ]
      }
    },
    "inputBytes": 320,
    "output": {
      "operations": [
        {
          "orderDiscountsAdd": {
            "selectionStrategy": "FIRST",
            "candidates": [
              {
                "message": "VIP perk: 123.00 off using 123 points",
                "targets": [
                  {
                    "orderSubtotal": {
                      "excludedCartLineIds": []
                    }
                  }
                ],
                "value": {
                  "fixedAmount": {
                    "amount": "123.00"
                  }
                }
              }
            ]
          }
        }
      ]
    },
    "outputBytes": 197,
    "logs": [
      "Discount Stary>>>>>",
      "order ORDER",
      "requestedPoints 123"
    ],
    "functionId": "019bdb73-406e-7043-b666-a37a682a513c",
    "fuelConsumed": 359685,
    "target": "cart.lines.discounts.generate.run"
  },
  "logType": "function_run",
  "status": "success",
  "source": "vip-code-discount-function",
  "sourceNamespace": "extensions",
  "logTimestamp": "2026-01-23T07:06:07.520734Z",
  "localTime": "2026-01-23 12:36:07",
  "storeName": "perk-system.myshopify.com"
}