{
  "shopId": 76184387769,
  "apiClientId": 313581633537,
  "payload": {
    "export": "cart-lines-discounts-generate-run",
    "input": {
      "cart": {
        "attribute": null,
        "buyerIdentity": {
          "customer": {
            "id": "gid://shopify/Customer/8099345858745",
            "metafield": {
              "value": "3600",
              "type": "single_line_text_field"
            }
          }
        },
        "cost": {
          "subtotalAmount": {
            "amount": "629.95",
            "currencyCode": "USD"
          }
        },
        "lines": [
          {
            "id": "gid://shopify/CartLine/0",
            "merchandise": {
              "__typename": "ProductVariant",
              "id": "gid://shopify/ProductVariant/45917134028985",
              "product": {
                "id": "gid://shopify/Product/8362844979385",
                "title": "The Multi-managed Snowboard"
              }
            }
          }
        ]
      },
      "shop": {
        "metafield": {
          "jsonValue": [
            "gid://shopify/Product/8362845110457",
            "gid://shopify/Product/8362845077689",
            "gid://shopify/Product/8362844979385"
          ],
          "type": "json"
        }
      },
      "discount": {
        "discountClasses": [
          "ORDER"
        ]
      }
    },
    "inputBytes": 575,
    "output": {
      "operations": []
    },
    "outputBytes": 13,
    "logs": [],
    "functionId": "019bdb73-406e-7043-b666-a37a682a513c",
    "fuelConsumed": 281680,
    "target": "cart.lines.discounts.generate.run"
  },
  "logType": "function_run",
  "status": "success",
  "source": "vip-code-discount-function",
  "sourceNamespace": "extensions",
  "logTimestamp": "2026-01-23T08:44:41.828663Z",
  "localTime": "2026-01-23 14:14:41",
  "storeName": "perk-system.myshopify.com"
}