{
  "shopId": 76184387769,
  "apiClientId": 313581633537,
  "payload": {
    "export": "cart-lines-discounts-generate-run",
    "input": {
      "cart": {
        "attribute": {
          "key": "redeem_points",
          "value": "123"
        },
        "buyerIdentity": {
          "customer": {
            "id": "gid://shopify/Customer/8099345858745",
            "metafield": {
              "value": "3600",
              "type": "single_line_text_field"
            }
          }
        },
        "cost": {
          "subtotalAmount": {
            "amount": "1859.9",
            "currencyCode": "USD"
          }
        },
        "lines": [
          {
            "id": "gid://shopify/CartLine/0",
            "merchandise": {
              "__typename": "ProductVariant",
              "id": "gid://shopify/ProductVariant/45917133734073",
              "product": {
                "id": "gid://shopify/Product/8362844881081",
                "title": "The Collection Snowboard: Hydrogen"
              }
            }
          },
          {
            "id": "gid://shopify/CartLine/1",
            "merchandise": {
              "__typename": "ProductVariant",
              "id": "gid://shopify/ProductVariant/45917134028985",
              "product": {
                "id": "gid://shopify/Product/8362844979385",
                "title": "The Multi-managed Snowboard"
              }
            }
          }
        ]
      },
      "shop": {
        "metafield": {
          "jsonValue": [
            "gid://shopify/Product/8362845110457",
            "gid://shopify/Product/8362845077689",
            "gid://shopify/Product/8362844979385"
          ],
          "type": "json"
        }
      },
      "discount": {
        "discountClasses": [
          "ORDER"
        ]
      }
    },
    "inputBytes": 810,
    "output": null,
    "outputBytes": null,
    "logs": [
      "Discount Stary>>>>>",
      "order ORDER",
      "requestedPoints 123"
    ],
    "functionId": "019bdb73-406e-7043-b666-a37a682a513c",
    "fuelConsumed": 425531,
    "target": "cart.lines.discounts.generate.run",
    "errorMessage": "error while executing at wasm backtrace:\n    0: <unknown>!<wasm function 1381>\n    1: <unknown>!<wasm function 250>\n    2: <unknown>!<wasm function 423>\n    3: <unknown>!<wasm function 944>\n    4: <unknown>!<wasm function 1039>\n    5: <unknown>!<wasm function 391>\n    6: <unknown>!<wasm function 35>\n    7: <unknown>!<wasm function 755>\n    8: <unknown>!<wasm function 2> (trap code: Unreachable)",
    "errorType": "RuntimeError"
  },
  "logType": "function_run",
  "status": "failure",
  "source": "vip-code-discount-function",
  "sourceNamespace": "extensions",
  "logTimestamp": "2026-01-23T11:39:50.518391Z",
  "localTime": "2026-01-23 17:09:50",
  "storeName": "perk-system.myshopify.com"
}